<?xml version="1.0" encoding="UTF-8" standalone="no"?>
<!-- Licensed Materials - Property of IBM
			 5725-I43 (C) Copyright IBM Corp. 2006, 2013, 2015. All Rights Reserved.
			 US Government Users Restricted Rights - Use, duplication or
             disclosure restricted by GSA ADP Schedule Contract with IBM Corp. --><!-- Attribute "id" must be identical to application folder name --><application xmlns="http://www.worklight.com/application-descriptor" xmlns:xsi="http://www.w3.org/2001/XMLSchema-instance" id="CIMBClicksMY" platformVersion="7.1.0.00.20160229-1240">
  <displayName>Clicks MY</displayName>
  <description>CIMBClicksMY</description>
  <author>
    <name>application's author</name>
    <email>application author's e-mail</email>
    <copyright>Copyright My Company</copyright>
    <homepage>http://mycompany.com</homepage>
  </author>
  <mainFile>index.html</mainFile>
  <thumbnailImage>common/img/cimbLogo.png</thumbnailImage>
  <accessTokenExpiration>3600</accessTokenExpiration>
  <userIdentityRealms>AuthRealm</userIdentityRealms>
  <features>
    <JSONStore/>
  </features>
  <!--
        Define the license app type for determining number of tokens to be allocated.
        Possible values are 'APPLICATION', 'ADDITIONAL_BRAND_DEPLOYMENT', 'NON_PRODUCTION'.
     -->
  <licenseAppType>APPLICATION</licenseAppType>
  <!--
        Define the target category for generating ADDRESSABLE DEVICE license reports.
        Possible values are 'UNDEFINED', 'B2E', 'B2C'.
     -->
  <targetCategory>UNDEFINED</targetCategory>
  <iphone bundleId="my.com.cimbclicks.app" version="2.4">
    <worklightSettings include="false"/>
    <pushSender password="123"/>
    <security>
      <encryptWebResources enabled="true"/>
      <testWebResourcesChecksum enabled="false" ignoreFileExtensions="png, jpg, jpeg, gif, mp4, mp3"/>
    </security>
  </iphone>
  <android version="2.4">
    <worklightSettings include="false"/>
    <pushSender key="AIzaSyD6GtyLyBfCVhso4gG3Ikb2lp0rn8KeLhY" senderId="985649581660"/>
    <security>
      <encryptWebResources enabled="true"/>
      <testWebResourcesChecksum enabled="false" ignoreFileExtensions="png, jpg, jpeg, gif, mp4, mp3"/>
      <publicSigningKey/>
    </security>
  </android>
</application>
