<?xml version="1.0" encoding="UTF-8"?>
<!-- Licensed Materials - Property of IBM
5725-I43 (C) Copyright IBM Corp. 2006, 2015. All Rights Reserved.
US Government Users Restricted Rights - Use, duplication or
disclosure restricted by GSA ADP Schedule Contract with IBM Corp. -->
<buildSettings xmlns="http://www.ibm.worklight.com/build-settings" xmlns:xsi="http://www.w3.org/2001/XMLSchema-instance">
  <android>
    <minification level="none" includes="**"/>
    <concatenation includes="**"/>
  </android>
  <iphone>
    <minification level="none" includes="**"/>
    <concatenation includes="**"/>
  </iphone>
</buildSettings>