<?xml version="1.0" encoding="UTF-8"?>
<!--
    Licensed Materials - Property of IBM
    5725-I43 (C) Copyright IBM Corp. 2011, 2013. All Rights Reserved.
    US Government Users Restricted Rights - Use, duplication or
    disclosure restricted by GSA ADP Schedule Contract with IBM Corp.
-->
<wl:adapter name="WLClientLogReceiver"
	xmlns:xsi="http://www.w3.org/2001/XMLSchema-instance" 
	xmlns:wl="http://www.ibm.com/mfp/integration"
	xmlns:http="http://www.ibm.com/mfp/integration/http">

	<displayName>WLClientLogReceiver</displayName>
	<description>WLClientLogReceiver</description>
	<connectivity>
		<connectionPolicy xsi:type="http:HTTPConnectionPolicyType">
			<protocol>https</protocol>
			<domain>10.104.21.109</domain>
			<port>9443</port>
			<connectionTimeoutInMilliseconds>30000</connectionTimeoutInMilliseconds>
			<socketTimeoutInMilliseconds>30000</socketTimeoutInMilliseconds>
			<maxConcurrentConnectionsPerNode>3000</maxConcurrentConnectionsPerNode>
			<!-- Following properties used by adapter's key manager for choosing specific certificate from key store  
			<sslCertificateAlias></sslCertificateAlias> 
			<sslCertificatePassword></sslCertificatePassword>
			-->		
		</connectionPolicy>
	</connectivity>

	<procedure name="log" audit="true" />
</wl:adapter>
