<?xml version="1.0" encoding="UTF-8"?>
<!--
    Licensed Materials - Property of IBM
    5725-I43 (C) Copyright IBM Corp. 2011, 2013. All Rights Reserved.
    US Government Users Restricted Rights - Use, duplication or
    disclosure restricted by GSA ADP Schedule Contract with IBM Corp.
-->
<wl:adapter name="authAdapter"
	xmlns:xsi="http://www.w3.org/2001/XMLSchema-instance"
	xmlns:wl="http://www.ibm.com/mfp/integration"
	xmlns:http="http://www.ibm.com/mfp/integration/http">

	<displayName>authAdapter</displayName>
	<description>authAdapter</description>
	<connectivity>
		<connectionPolicy xsi:type="http:HTTPConnectionPolicyType">
			<protocol>${adapter.connectivity.protocol}</protocol>
            <domain>${adapter.connectivity.domain}</domain>
            <port>${adapter.connectivity.port}</port>

			<!--<protocol>http</protocol>
			<domain>clicksrest.dimilow.com</domain>
			<port>80</port>-->

			<!--<protocol>http</protocol>
			<domain>10.104.21.91</domain>
			<port>9083</port>-->

			<!--<protocol>http</protocol>
			<domain>10.104.21.103</domain>
			<port>9084</port>-->

			<!--<protocol>http</protocol>
			<domain>10.104.21.104</domain>
			<port>9085</port>-->

			<!--<protocol>https</protocol>
            <domain>mydksusitp01</domain>
            <port>9446</port>-->

			<connectionTimeoutInMilliseconds>70000</connectionTimeoutInMilliseconds>
			<socketTimeoutInMilliseconds>70000</socketTimeoutInMilliseconds>
			<maxConcurrentConnectionsPerNode>3000</maxConcurrentConnectionsPerNode>
			<!-- Following properties used by adapter's key manager for choosing specific certificate from key store
			<sslCertificateAlias></sslCertificateAlias>
			<sslCertificatePassword></sslCertificatePassword>
			-->
		</connectionPolicy>
	</connectivity>

	<procedure name="InitializationService" securityTest="wl_unprotected" connectAs ="endUser" />
	<procedure name="SecureWordLoginStep1" securityTest="wl_unprotected" connectAs ="endUser"/>
    <procedure name="SecureWordLoginStep2" securityTest="wl_unprotected" connectAs ="endUser"/>
	<procedure name="OTPLoginStep1" securityTest="wl_unprotected" connectAs ="endUser"/>
	<procedure name="OTPLoginStep2" securityTest="wl_unprotected" connectAs ="endUser"/>
	<procedure name="TouchIDLoginService" securityTest="wl_unprotected" connectAs ="endUser"/>
	<procedure name="IncrementalAuthService" securityTest="AuthSecurityTest" connectAs ="endUser"/>
	<procedure name="SecureWord" securityTest="AuthSecurityTest" connectAs ="endUser"/>
</wl:adapter>
