{
  "project_info": {
    "project_number": "350611716729",
    "project_id": "clicks-my-b4f97"
  },
  "client": [
    {
      "client_info": {
        "mobilesdk_app_id": "1:350611716729:android:faccc683bff20317",
        "android_client_info": {
          "package_name": "my.com.cimbclicks.app"
        }
      },
      "oauth_client": [],
      "api_key": [
        {
          "current_key": "AIzaSyCGyEQBUa-APrvb23X1nBwI_flhRviNgdc"
        }
      ],
      "services": {
        "analytics_service": {
          "status": 1
        },
        "appinvite_service": {
          "status": 1,
          "other_platform_oauth_client": []
        },
        "ads_service": {
          "status": 1
        }
      }
    }
  ],
  "configuration_version": "1"
}