{
  "project_info": {
    "project_number": "306462400119",
    "project_id": "firebase-clicks-my-reg"
  },
  "client": [
    {
      "client_info": {
        "mobilesdk_app_id": "1:306462400119:android:568c89fc59b1eb92",
        "android_client_info": {
          "package_name": "my.com.cimbclicks.app.reg"
        }
      },
      "oauth_client": [],
      "api_key": [
        {
          "current_key": "AIzaSyDAczWy882syF0GK_1VRqIxcv3GJYOXfcE"
        }
      ],
      "services": {
        "analytics_service": {
          "status": 1
        },
        "appinvite_service": {
          "status": 1,
          "other_platform_oauth_client": []
        },
        "ads_service": {
          "status": 1
        }
      }
    }
  ],
  "configuration_version": "1"
}